<?xml version="1.0" encoding="UTF-8"?>
<GenRun Id="impl_1" LaunchPart="xc7a35tcpg236-1" LaunchTime="1768926151">
  <File Type="ROUTE-PWR" Name="cla_7seg_power_routed.rpt"/>
  <File Type="PA-TCL" Name="cla_7seg.tcl"/>
  <File Type="ROUTE-PWR-SUM" Name="cla_7seg_power_summary_routed.pb"/>
  <File Type="REPORTS-TCL" Name="cla_7seg_reports.tcl"/>
  <File Type="OPT-RQA-PB" Name="cla_7seg_rqa_opted.pb"/>
  <File Type="BITSTR-MMI" Name="cla_7seg.mmi"/>
  <File Type="OPT-METHODOLOGY-DRC" Name="cla_7seg_methodology_drc_opted.rpt"/>
  <File Type="INIT-TIMING" Name="cla_7seg_timing_summary_init.rpt"/>
  <File Type="OPT-TIMING" Name="cla_7seg_timing_summary_opted.rpt"/>
  <File Type="OPT-DCP" Name="cla_7seg_opt.dcp"/>
  <File Type="OPT-DRC" Name="cla_7seg_drc_opted.rpt"/>
  <File Type="OPT-HWDEF" Name="cla_7seg.hwdef"/>
  <File Type="PWROPT-DCP" Name="cla_7seg_pwropt.dcp"/>
  <File Type="PWROPT-DRC" Name="cla_7seg_drc_pwropted.rpt"/>
  <File Type="PWROPT-TIMING" Name="cla_7seg_timing_summary_pwropted.rpt"/>
  <File Type="PLACE-DCP" Name="cla_7seg_placed.dcp"/>
  <File Type="PLACE-IO" Name="cla_7seg_io_placed.rpt"/>
  <File Type="PLACE-CLK" Name="cla_7seg_clock_utilization_placed.rpt"/>
  <File Type="PLACE-UTIL" Name="cla_7seg_utilization_placed.rpt"/>
  <File Type="PLACE-UTIL-PB" Name="cla_7seg_utilization_placed.pb"/>
  <File Type="PLACE-CTRL" Name="cla_7seg_control_sets_placed.rpt"/>
  <File Type="PLACE-SIMILARITY" Name="cla_7seg_incremental_reuse_placed.rpt"/>
  <File Type="PLACE-PRE-SIMILARITY" Name="cla_7seg_incremental_reuse_pre_placed.rpt"/>
  <File Type="BG-BIN" Name="cla_7seg.bin"/>
  <File Type="PLACE-TIMING" Name="cla_7seg_timing_summary_placed.rpt"/>
  <File Type="ROUTE-PWR-RPX" Name="cla_7seg_power_routed.rpx"/>
  <File Type="PLACE-RQA-PB" Name="cla_7seg_rqa_placed.pb"/>
  <File Type="POSTPLACE-PWROPT-DCP" Name="cla_7seg_postplace_pwropt.dcp"/>
  <File Type="BITSTR-MSK" Name="cla_7seg.msk"/>
  <File Type="POSTPLACE-PWROPT-TIMING" Name="cla_7seg_timing_summary_postplace_pwropted.rpt"/>
  <File Type="PHYSOPT-DCP" Name="cla_7seg_physopt.dcp"/>
  <File Type="PHYSOPT-DRC" Name="cla_7seg_drc_physopted.rpt"/>
  <File Type="BITSTR-RBT" Name="cla_7seg.rbt"/>
  <File Type="PHYSOPT-TIMING" Name="cla_7seg_timing_summary_physopted.rpt"/>
  <File Type="ROUTE-ERROR-DCP" Name="cla_7seg_routed_error.dcp"/>
  <File Type="ROUTE-DCP" Name="cla_7seg_routed.dcp"/>
  <File Type="ROUTE-BLACKBOX-DCP" Name="cla_7seg_routed_bb.dcp"/>
  <File Type="ROUTE-DRC" Name="cla_7seg_drc_routed.rpt"/>
  <File Type="ROUTE-DRC-PB" Name="cla_7seg_drc_routed.pb"/>
  <File Type="ROUTE-DRC-RPX" Name="cla_7seg_drc_routed.rpx"/>
  <File Type="ROUTE-METHODOLOGY-DRC" Name="cla_7seg_methodology_drc_routed.rpt"/>
  <File Type="ROUTE-METHODOLOGY-DRC-RPX" Name="cla_7seg_methodology_drc_routed.rpx"/>
  <File Type="ROUTE-METHODOLOGY-DRC-PB" Name="cla_7seg_methodology_drc_routed.pb"/>
  <File Type="ROUTE-RQS-PB" Name="cla_7seg_rqs_routed.pb"/>
  <File Type="ROUTE-STATUS" Name="cla_7seg_route_status.rpt"/>
  <File Type="ROUTE-STATUS-PB" Name="cla_7seg_route_status.pb"/>
  <File Type="ROUTE-TIMINGSUMMARY" Name="cla_7seg_timing_summary_routed.rpt"/>
  <File Type="ROUTE-TIMING-PB" Name="cla_7seg_timing_summary_routed.pb"/>
  <File Type="ROUTE-TIMING-RPX" Name="cla_7seg_timing_summary_routed.rpx"/>
  <File Type="ROUTE-SIMILARITY" Name="cla_7seg_incremental_reuse_routed.rpt"/>
  <File Type="ROUTE-CLK" Name="cla_7seg_clock_utilization_routed.rpt"/>
  <File Type="ROUTE-BUS-SKEW" Name="cla_7seg_bus_skew_routed.rpt"/>
  <File Type="ROUTE-BUS-SKEW-PB" Name="cla_7seg_bus_skew_routed.pb"/>
  <File Type="ROUTE-BUS-SKEW-RPX" Name="cla_7seg_bus_skew_routed.rpx"/>
  <File Type="POSTROUTE-PHYSOPT-DCP" Name="cla_7seg_postroute_physopt.dcp"/>
  <File Type="POSTROUTE-PHYSOPT-BLACKBOX-DCP" Name="cla_7seg_postroute_physopt_bb.dcp"/>
  <File Type="POSTROUTE-PHYSOPT-TIMING" Name="top_cla_7seg_timing_summary_postroute_physopted.rpt"/>
  <File Type="POSTROUTE-PHYSOPT-TIMING-PB" Name="top_cla_7seg_timing_summary_postroute_physopted.pb"/>
  <File Type="POSTROUTE-PHYSOPT-TIMING-RPX" Name="top_cla_7seg_timing_summary_postroute_physopted.rpx"/>
  <File Type="POSTROUTE-PHYSOPT-BUS-SKEW" Name="top_cla_7seg_bus_skew_postroute_physopted.rpt"/>
  <File Type="BG-BIT" Name="cla_7seg.bit"/>
  <File Type="POSTROUTE-PHYSOPT-BUS-SKEW-PB" Name="top_cla_7seg_bus_skew_postroute_physopted.pb"/>
  <File Type="POSTROUTE-PHYSOPT-BUS-SKEW-RPX" Name="top_cla_7seg_bus_skew_postroute_physopted.rpx"/>
  <File Type="BITSTR-NKY" Name="cla_7seg.nky"/>
  <File Type="BITSTR-BMM" Name="cla_7seg_bd.bmm"/>
  <File Type="PDI-FILE" Name="cla_7seg.pdi"/>
  <File Type="BOOT-PDI-FILE" Name="cla_7seg_soc.pdi"/>
  <File Type="PL-PDI-FILE" Name="cla_7seg_pld.pdi"/>
  <File Type="RCFI_FILE" Name="cla_7seg.rcfi"/>
  <File Type="CFI_FILE" Name="cla_7seg.cfi"/>
  <File Type="RNPI_FILE" Name="cla_7seg.rnpi"/>
  <File Type="NPI_FILE" Name="cla_7seg.npi"/>
  <File Type="RBD_FILE" Name="cla_7seg.rbd"/>
  <File Type="BITSTR-LTX" Name="debug_nets.ltx"/>
  <File Type="BITSTR-LTX" Name="cla_7seg.ltx"/>
  <File Type="BITSTR-SYSDEF" Name="cla_7seg.sysdef"/>
  <File Type="BG-BGN" Name="cla_7seg.bgn"/>
  <File Type="BG-DRC" Name="cla_7seg.drc"/>
  <File Type="RDI-RDI" Name="cla_7seg.vdi"/>
  <File Type="WBT-USG" Name="usage_statistics_webtalk.html"/>
  <File Type="ROUTE-RQS" Name="cla_7seg_routed.rqs"/>
  <File Type="POSTROUTE-PHYSOPT-RQS" Name="cla_7seg_postroute_physopted.rqs"/>
  <File Type="ROUTE-RQS-RPT" Name="route_report_qor_suggestions_0.rpt"/>
  <File Type="POSTROUTE-PHYSOPT-RQS-RPT" Name="postroute_physopt_report_qor_suggestions_0.rpt"/>
  <FileSet Name="sources" Type="DesignSrcs" RelSrcDir="$PSRCDIR/sources_1" RelGenDir="$PGENDIR/sources_1">
    <Filter Type="Srcs"/>
    <File Path="$PSRCDIR/sources_1/new/parallel_adder.v">
      <FileInfo>
        <Attr Name="UsedIn" Val="synthesis"/>
        <Attr Name="UsedIn" Val="implementation"/>
        <Attr Name="UsedIn" Val="simulation"/>
      </FileInfo>
    </File>
    <File Path="$PSRCDIR/sources_1/new/seven_seg_hex.v">
      <FileInfo>
        <Attr Name="UsedIn" Val="synthesis"/>
        <Attr Name="UsedIn" Val="implementation"/>
        <Attr Name="UsedIn" Val="simulation"/>
      </FileInfo>
    </File>
    <File Path="$PSRCDIR/sources_1/new/top_cla_7seg.v">
      <FileInfo>
        <Attr Name="UsedIn" Val="synthesis"/>
        <Attr Name="UsedIn" Val="implementation"/>
        <Attr Name="UsedIn" Val="simulation"/>
      </FileInfo>
    </File>
    <Config>
      <Option Name="DesignMode" Val="RTL"/>
      <Option Name="TopModule" Val="cla_7seg"/>
    </Config>
  </FileSet>
  <FileSet Name="constrs_in" Type="Constrs" RelSrcDir="$PSRCDIR/constrs_1" RelGenDir="$PGENDIR/constrs_1">
    <Filter Type="Constrs"/>
    <File Path="$PSRCDIR/constrs_1/new/cla_7seg.xdc">
      <FileInfo>
        <Attr Name="UsedIn" Val="synthesis"/>
        <Attr Name="UsedIn" Val="implementation"/>
      </FileInfo>
    </File>
    <Config>
      <Option Name="ConstrsType" Val="XDC"/>
    </Config>
  </FileSet>
  <FileSet Name="utils" Type="Utils" RelSrcDir="$PSRCDIR/utils_1" RelGenDir="$PGENDIR/utils_1">
    <Filter Type="Utils"/>
    <Config>
      <Option Name="TopAutoSet" Val="TRUE"/>
    </Config>
  </FileSet>
  <Strategy Version="1" Minor="2">
    <StratHandle Name="Vivado Implementation Defaults" Flow="Vivado Implementation 2023"/>
    <Step Id="init_design"/>
    <Step Id="opt_design"/>
    <Step Id="power_opt_design"/>
    <Step Id="place_design"/>
    <Step Id="post_place_power_opt_design"/>
    <Step Id="phys_opt_design"/>
    <Step Id="route_design"/>
    <Step Id="post_route_phys_opt_design"/>
    <Step Id="write_bitstream"/>
  </Strategy>
</GenRun>
